dataset,model,folds,accuracy_mean,accuracy_std,recall_poisonous_mean,recall_poisonous_std,f1_poisonous_mean,f1_poisonous_std
secondary,Decision Tree,5,0.998214946896742,0.0006442459119550255,0.9982217351051178,0.0007279162284943557,0.9983882142421219,0.0005816036285409152
secondary,Random Forest,5,1.0,0.0,1.0,0.0,1.0,0.0
uci,Decision Tree,5,0.9996923076923077,0.0006153846153845955,0.9993620414673046,0.0012759170653907415,0.9996805111821085,0.0006389776357827336
uci,Random Forest,5,1.0,0.0,1.0,0.0,1.0,0.0
