feature,cap-diameter,stem-height,stem-width
cap-diameter,1.0,0.419484423333378,0.6984727064051816
stem-height,0.419484423333378,1.0,0.43112063272504514
stem-width,0.6984727064051816,0.43112063272504514,1.0
