feature,count,mean,std,min,25%,50%,75%,max
cap-diameter,48738.0,6.759652427264147,5.286072768518791,0.38,3.5,5.9,8.56,62.34
stem-height,48738.0,6.603743075218515,3.362230150426749,0.0,4.66,5.96,7.74,33.25
stem-width,48738.0,12.20018158315893,10.027476923863981,0.0,5.26,10.24,16.61,103.91
