feature,odor,spore-print-color,gill-color,ring-type,stalk-surface-above-ring,stalk-surface-below-ring
odor,1.0,0.3942610758164313,0.38325780001067034,0.6953895850925585,0.4144331254967022,0.5048026676661994
spore-print-color,0.3942610758164313,1.0,0.48788299235566573,0.5485544546537434,0.4173975325877437,0.42112153999466617
gill-color,0.3832578000106703,0.4878829923556656,1.0,0.5105343310641243,0.3496531293660369,0.37325111690724916
ring-type,0.6953895850925585,0.5485544546537435,0.5105343310641243,1.0,0.4542284327570774,0.5174523769783351
stalk-surface-above-ring,0.4144331254967022,0.4173975325877437,0.3496531293660369,0.45422843275707736,1.0,0.4872144331947849
stalk-surface-below-ring,0.5048026676661994,0.42112153999466617,0.37325111690724916,0.5174523769783351,0.4872144331947849,1.0
